HF Biotonne (Grüne Tonne) 2 wöchentlich: Herford,2021-01-12,,"HF Biotonne (Grüne Tonne) 2 wöchentlich - Mirabellenweg
 
Nächster Abholtermin ist am: 26.01.2021",Herford - Mirabellenweg
HF Biotonne (Grüne Tonne) 2 wöchentlich: Herford,2021-01-26,,"HF Biotonne (Grüne Tonne) 2 wöchentlich - Mirabellenweg
 
Nächster Abholtermin ist am: 09.02.2021",Herford - Mirabellenweg
HF Biotonne (Grüne Tonne) 2 wöchentlich: Herford,2021-02-09,,"HF Biotonne (Grüne Tonne) 2 wöchentlich - Mirabellenweg
 
Nächster Abholtermin ist am: 23.02.2021",Herford - Mirabellenweg
HF Biotonne (Grüne Tonne) 2 wöchentlich: Herford,2021-02-23,,"HF Biotonne (Grüne Tonne) 2 wöchentlich - Mirabellenweg
 
Nächster Abholtermin ist am: 09.03.2021",Herford - Mirabellenweg
HF Biotonne (Grüne Tonne) 2 wöchentlich: Herford,2021-03-09,,"HF Biotonne (Grüne Tonne) 2 wöchentlich - Mirabellenweg
 
Nächster Abholtermin ist am: 23.03.2021",Herford - Mirabellenweg
HF Biotonne (Grüne Tonne) 2 wöchentlich: Herford,2021-03-23,,"HF Biotonne (Grüne Tonne) 2 wöchentlich - Mirabellenweg
 
Nächster Abholtermin ist am: 07.04.2021",Herford - Mirabellenweg
HF Biotonne (Grüne Tonne) 2 wöchentlich: Herford,2021-04-07,,"HF Biotonne (Grüne Tonne) 2 wöchentlich - Mirabellenweg
 
Bemerkung: Achtung! Späterer Termin!
Nächster Abholtermin ist am: 20.04.2021",Herford - Mirabellenweg
HF Biotonne (Grüne Tonne) 2 wöchentlich: Herford,2021-04-20,,"HF Biotonne (Grüne Tonne) 2 wöchentlich - Mirabellenweg
 
Nächster Abholtermin ist am: 04.05.2021",Herford - Mirabellenweg
HF Biotonne (Grüne Tonne) 2 wöchentlich: Herford,2021-05-04,,"HF Biotonne (Grüne Tonne) 2 wöchentlich - Mirabellenweg
 
Nächster Abholtermin ist am: 18.05.2021",Herford - Mirabellenweg
HF Biotonne (Grüne Tonne) 2 wöchentlich: Herford,2021-05-18,,"HF Biotonne (Grüne Tonne) 2 wöchentlich - Mirabellenweg
 
Nächster Abholtermin ist am: 01.06.2021",Herford - Mirabellenweg
HF Biotonne (Grüne Tonne) 2 wöchentlich: Herford,2021-06-01,,"HF Biotonne (Grüne Tonne) 2 wöchentlich - Mirabellenweg
 
Nächster Abholtermin ist am: 15.06.2021",Herford - Mirabellenweg
HF Biotonne (Grüne Tonne) 2 wöchentlich: Herford,2021-06-15,,"HF Biotonne (Grüne Tonne) 2 wöchentlich - Mirabellenweg
 
Nächster Abholtermin ist am: 29.06.2021",Herford - Mirabellenweg
HF Biotonne (Grüne Tonne) 2 wöchentlich: Herford,2021-06-29,,"HF Biotonne (Grüne Tonne) 2 wöchentlich - Mirabellenweg
 
Nächster Abholtermin ist am: 13.07.2021",Herford - Mirabellenweg
HF Biotonne (Grüne Tonne) 2 wöchentlich: Herford,2021-07-13,,"HF Biotonne (Grüne Tonne) 2 wöchentlich - Mirabellenweg
 
Nächster Abholtermin ist am: 27.07.2021",Herford - Mirabellenweg
HF Biotonne (Grüne Tonne) 2 wöchentlich: Herford,2021-07-27,,"HF Biotonne (Grüne Tonne) 2 wöchentlich - Mirabellenweg
 
Nächster Abholtermin ist am: 10.08.2021",Herford - Mirabellenweg
HF Biotonne (Grüne Tonne) 2 wöchentlich: Herford,2021-08-10,,"HF Biotonne (Grüne Tonne) 2 wöchentlich - Mirabellenweg
 
Nächster Abholtermin ist am: 24.08.2021",Herford - Mirabellenweg
HF Biotonne (Grüne Tonne) 2 wöchentlich: Herford,2021-08-24,,"HF Biotonne (Grüne Tonne) 2 wöchentlich - Mirabellenweg
 
Nächster Abholtermin ist am: 07.09.2021",Herford - Mirabellenweg
HF Biotonne (Grüne Tonne) 2 wöchentlich: Herford,2021-09-07,,"HF Biotonne (Grüne Tonne) 2 wöchentlich - Mirabellenweg
 
Nächster Abholtermin ist am: 21.09.2021",Herford - Mirabellenweg
HF Biotonne (Grüne Tonne) 2 wöchentlich: Herford,2021-09-21,,"HF Biotonne (Grüne Tonne) 2 wöchentlich - Mirabellenweg
 
Nächster Abholtermin ist am: 05.10.2021",Herford - Mirabellenweg
HF Biotonne (Grüne Tonne) 2 wöchentlich: Herford,2021-10-05,,"HF Biotonne (Grüne Tonne) 2 wöchentlich - Mirabellenweg
 
Nächster Abholtermin ist am: 19.10.2021",Herford - Mirabellenweg
HF Biotonne (Grüne Tonne) 2 wöchentlich: Herford,2021-10-19,,"HF Biotonne (Grüne Tonne) 2 wöchentlich - Mirabellenweg
 
Nächster Abholtermin ist am: 03.11.2021",Herford - Mirabellenweg
HF Biotonne (Grüne Tonne) 2 wöchentlich: Herford,2021-11-03,,"HF Biotonne (Grüne Tonne) 2 wöchentlich - Mirabellenweg
 
Bemerkung: Achtung! Späterer Termin!
Nächster Abholtermin ist am: 16.11.2021",Herford - Mirabellenweg
HF Biotonne (Grüne Tonne) 2 wöchentlich: Herford,2021-11-16,,"HF Biotonne (Grüne Tonne) 2 wöchentlich - Mirabellenweg
 
Nächster Abholtermin ist am: 30.11.2021",Herford - Mirabellenweg
HF Biotonne (Grüne Tonne) 2 wöchentlich: Herford,2021-11-30,,"HF Biotonne (Grüne Tonne) 2 wöchentlich - Mirabellenweg
 
Nächster Abholtermin ist am: 14.12.2021",Herford - Mirabellenweg
HF Biotonne (Grüne Tonne) 2 wöchentlich: Herford,2021-12-14,,"HF Biotonne (Grüne Tonne) 2 wöchentlich - Mirabellenweg
 
Nächster Abholtermin ist am: 28.12.2021",Herford - Mirabellenweg
HF Biotonne (Grüne Tonne) 2 wöchentlich: Herford,2021-12-28,,HF Biotonne (Grüne Tonne) 2 wöchentlich - Mirabellenweg,Herford - Mirabellenweg
"HF Gelber Sack, Blaue Tonne, Altkleider, 4 wöchentlich: Herford",2021-01-19,,"HF Gelber Sack, Blaue Tonne, Altkleider, 4 wöchentlich - Mirabellenweg
 
Nächster Abholtermin ist am: 16.02.2021",Herford - Mirabellenweg
"HF Gelber Sack, Blaue Tonne, Altkleider, 4 wöchentlich: Herford",2021-02-16,,"HF Gelber Sack, Blaue Tonne, Altkleider, 4 wöchentlich - Mirabellenweg
 
Nächster Abholtermin ist am: 16.03.2021",Herford - Mirabellenweg
"HF Gelber Sack, Blaue Tonne, Altkleider, 4 wöchentlich: Herford",2021-03-16,,"HF Gelber Sack, Blaue Tonne, Altkleider, 4 wöchentlich - Mirabellenweg
 
Nächster Abholtermin ist am: 13.04.2021",Herford - Mirabellenweg
"HF Gelber Sack, Blaue Tonne, Altkleider, 4 wöchentlich: Herford",2021-04-13,,"HF Gelber Sack, Blaue Tonne, Altkleider, 4 wöchentlich - Mirabellenweg
 
Nächster Abholtermin ist am: 11.05.2021",Herford - Mirabellenweg
"HF Gelber Sack, Blaue Tonne, Altkleider, 4 wöchentlich: Herford",2021-05-11,,"HF Gelber Sack, Blaue Tonne, Altkleider, 4 wöchentlich - Mirabellenweg
 
Nächster Abholtermin ist am: 08.06.2021",Herford - Mirabellenweg
"HF Gelber Sack, Blaue Tonne, Altkleider, 4 wöchentlich: Herford",2021-06-08,,"HF Gelber Sack, Blaue Tonne, Altkleider, 4 wöchentlich - Mirabellenweg
 
Nächster Abholtermin ist am: 06.07.2021",Herford - Mirabellenweg
"HF Gelber Sack, Blaue Tonne, Altkleider, 4 wöchentlich: Herford",2021-07-06,,"HF Gelber Sack, Blaue Tonne, Altkleider, 4 wöchentlich - Mirabellenweg
 
Nächster Abholtermin ist am: 03.08.2021",Herford - Mirabellenweg
"HF Gelber Sack, Blaue Tonne, Altkleider, 4 wöchentlich: Herford",2021-08-03,,"HF Gelber Sack, Blaue Tonne, Altkleider, 4 wöchentlich - Mirabellenweg
 
Nächster Abholtermin ist am: 31.08.2021",Herford - Mirabellenweg
"HF Gelber Sack, Blaue Tonne, Altkleider, 4 wöchentlich: Herford",2021-08-31,,"HF Gelber Sack, Blaue Tonne, Altkleider, 4 wöchentlich - Mirabellenweg
 
Nächster Abholtermin ist am: 28.09.2021",Herford - Mirabellenweg
"HF Gelber Sack, Blaue Tonne, Altkleider, 4 wöchentlich: Herford",2021-09-28,,"HF Gelber Sack, Blaue Tonne, Altkleider, 4 wöchentlich - Mirabellenweg
 
Nächster Abholtermin ist am: 26.10.2021",Herford - Mirabellenweg
"HF Gelber Sack, Blaue Tonne, Altkleider, 4 wöchentlich: Herford",2021-10-26,,"HF Gelber Sack, Blaue Tonne, Altkleider, 4 wöchentlich - Mirabellenweg
 
Nächster Abholtermin ist am: 23.11.2021",Herford - Mirabellenweg
"HF Gelber Sack, Blaue Tonne, Altkleider, 4 wöchentlich: Herford",2021-11-23,,"HF Gelber Sack, Blaue Tonne, Altkleider, 4 wöchentlich - Mirabellenweg
 
Nächster Abholtermin ist am: 21.12.2021",Herford - Mirabellenweg
"HF Gelber Sack, Blaue Tonne, Altkleider, 4 wöchentlich: Herford",2021-12-21,,"HF Gelber Sack, Blaue Tonne, Altkleider, 4 wöchentlich - Mirabellenweg",Herford - Mirabellenweg
HF Restabfall (Graue Tonne roter Deckel) 4 wöchtlich: Herford,2021-01-19,,"HF Restabfall (Graue Tonne roter Deckel) 4 wöchtlich - Mirabellenweg
 
Nächster Abholtermin ist am: 16.02.2021",Herford - Mirabellenweg
HF Restabfall (Graue Tonne roter Deckel) 4 wöchtlich: Herford,2021-02-16,,"HF Restabfall (Graue Tonne roter Deckel) 4 wöchtlich - Mirabellenweg
 
Nächster Abholtermin ist am: 16.03.2021",Herford - Mirabellenweg
HF Restabfall (Graue Tonne roter Deckel) 4 wöchtlich: Herford,2021-03-16,,"HF Restabfall (Graue Tonne roter Deckel) 4 wöchtlich - Mirabellenweg
 
Nächster Abholtermin ist am: 13.04.2021",Herford - Mirabellenweg
HF Restabfall (Graue Tonne roter Deckel) 4 wöchtlich: Herford,2021-04-13,,"HF Restabfall (Graue Tonne roter Deckel) 4 wöchtlich - Mirabellenweg
 
Nächster Abholtermin ist am: 11.05.2021",Herford - Mirabellenweg
HF Restabfall (Graue Tonne roter Deckel) 4 wöchtlich: Herford,2021-05-11,,"HF Restabfall (Graue Tonne roter Deckel) 4 wöchtlich - Mirabellenweg
 
Nächster Abholtermin ist am: 08.06.2021",Herford - Mirabellenweg
HF Restabfall (Graue Tonne roter Deckel) 4 wöchtlich: Herford,2021-06-08,,"HF Restabfall (Graue Tonne roter Deckel) 4 wöchtlich - Mirabellenweg
 
Nächster Abholtermin ist am: 06.07.2021",Herford - Mirabellenweg
HF Restabfall (Graue Tonne roter Deckel) 4 wöchtlich: Herford,2021-07-06,,"HF Restabfall (Graue Tonne roter Deckel) 4 wöchtlich - Mirabellenweg
 
Nächster Abholtermin ist am: 03.08.2021",Herford - Mirabellenweg
HF Restabfall (Graue Tonne roter Deckel) 4 wöchtlich: Herford,2021-08-03,,"HF Restabfall (Graue Tonne roter Deckel) 4 wöchtlich - Mirabellenweg
 
Nächster Abholtermin ist am: 31.08.2021",Herford - Mirabellenweg
HF Restabfall (Graue Tonne roter Deckel) 4 wöchtlich: Herford,2021-08-31,,"HF Restabfall (Graue Tonne roter Deckel) 4 wöchtlich - Mirabellenweg
 
Nächster Abholtermin ist am: 28.09.2021",Herford - Mirabellenweg
HF Restabfall (Graue Tonne roter Deckel) 4 wöchtlich: Herford,2021-09-28,,"HF Restabfall (Graue Tonne roter Deckel) 4 wöchtlich - Mirabellenweg
 
Nächster Abholtermin ist am: 26.10.2021",Herford - Mirabellenweg
HF Restabfall (Graue Tonne roter Deckel) 4 wöchtlich: Herford,2021-10-26,,"HF Restabfall (Graue Tonne roter Deckel) 4 wöchtlich - Mirabellenweg
 
Nächster Abholtermin ist am: 23.11.2021",Herford - Mirabellenweg
HF Restabfall (Graue Tonne roter Deckel) 4 wöchtlich: Herford,2021-11-23,,"HF Restabfall (Graue Tonne roter Deckel) 4 wöchtlich - Mirabellenweg
 
Nächster Abholtermin ist am: 21.12.2021",Herford - Mirabellenweg
HF Restabfall (Graue Tonne roter Deckel) 4 wöchtlich: Herford,2021-12-21,,HF Restabfall (Graue Tonne roter Deckel) 4 wöchtlich - Mirabellenweg,Herford - Mirabellenweg
HF Restabfall (Graue Tonne) 2 wöchentlich: Herford,2021-01-05,,"HF Restabfall (Graue Tonne) 2 wöchentlich - Mirabellenweg
 
Nächster Abholtermin ist am: 19.01.2021",Herford - Mirabellenweg
HF Restabfall (Graue Tonne) 2 wöchentlich: Herford,2021-01-19,,"HF Restabfall (Graue Tonne) 2 wöchentlich - Mirabellenweg
 
Nächster Abholtermin ist am: 02.02.2021",Herford - Mirabellenweg
HF Restabfall (Graue Tonne) 2 wöchentlich: Herford,2021-02-02,,"HF Restabfall (Graue Tonne) 2 wöchentlich - Mirabellenweg
 
Nächster Abholtermin ist am: 16.02.2021",Herford - Mirabellenweg
HF Restabfall (Graue Tonne) 2 wöchentlich: Herford,2021-02-16,,"HF Restabfall (Graue Tonne) 2 wöchentlich - Mirabellenweg
 
Nächster Abholtermin ist am: 02.03.2021",Herford - Mirabellenweg
HF Restabfall (Graue Tonne) 2 wöchentlich: Herford,2021-03-02,,"HF Restabfall (Graue Tonne) 2 wöchentlich - Mirabellenweg
 
Nächster Abholtermin ist am: 16.03.2021",Herford - Mirabellenweg
HF Restabfall (Graue Tonne) 2 wöchentlich: Herford,2021-03-16,,"HF Restabfall (Graue Tonne) 2 wöchentlich - Mirabellenweg
 
Nächster Abholtermin ist am: 30.03.2021",Herford - Mirabellenweg
HF Restabfall (Graue Tonne) 2 wöchentlich: Herford,2021-03-30,,"HF Restabfall (Graue Tonne) 2 wöchentlich - Mirabellenweg
 
Nächster Abholtermin ist am: 13.04.2021",Herford - Mirabellenweg
HF Restabfall (Graue Tonne) 2 wöchentlich: Herford,2021-04-13,,"HF Restabfall (Graue Tonne) 2 wöchentlich - Mirabellenweg
 
Nächster Abholtermin ist am: 27.04.2021",Herford - Mirabellenweg
HF Restabfall (Graue Tonne) 2 wöchentlich: Herford,2021-04-27,,"HF Restabfall (Graue Tonne) 2 wöchentlich - Mirabellenweg
 
Nächster Abholtermin ist am: 11.05.2021",Herford - Mirabellenweg
HF Restabfall (Graue Tonne) 2 wöchentlich: Herford,2021-05-11,,"HF Restabfall (Graue Tonne) 2 wöchentlich - Mirabellenweg
 
Nächster Abholtermin ist am: 26.05.2021",Herford - Mirabellenweg
HF Restabfall (Graue Tonne) 2 wöchentlich: Herford,2021-05-26,,"HF Restabfall (Graue Tonne) 2 wöchentlich - Mirabellenweg
 
Bemerkung: Achtung! Späterer Termin!
Nächster Abholtermin ist am: 08.06.2021",Herford - Mirabellenweg
HF Restabfall (Graue Tonne) 2 wöchentlich: Herford,2021-06-08,,"HF Restabfall (Graue Tonne) 2 wöchentlich - Mirabellenweg
 
Nächster Abholtermin ist am: 22.06.2021",Herford - Mirabellenweg
HF Restabfall (Graue Tonne) 2 wöchentlich: Herford,2021-06-22,,"HF Restabfall (Graue Tonne) 2 wöchentlich - Mirabellenweg
 
Nächster Abholtermin ist am: 06.07.2021",Herford - Mirabellenweg
HF Restabfall (Graue Tonne) 2 wöchentlich: Herford,2021-07-06,,"HF Restabfall (Graue Tonne) 2 wöchentlich - Mirabellenweg
 
Nächster Abholtermin ist am: 20.07.2021",Herford - Mirabellenweg
HF Restabfall (Graue Tonne) 2 wöchentlich: Herford,2021-07-20,,"HF Restabfall (Graue Tonne) 2 wöchentlich - Mirabellenweg
 
Nächster Abholtermin ist am: 03.08.2021",Herford - Mirabellenweg
HF Restabfall (Graue Tonne) 2 wöchentlich: Herford,2021-08-03,,"HF Restabfall (Graue Tonne) 2 wöchentlich - Mirabellenweg
 
Nächster Abholtermin ist am: 17.08.2021",Herford - Mirabellenweg
HF Restabfall (Graue Tonne) 2 wöchentlich: Herford,2021-08-17,,"HF Restabfall (Graue Tonne) 2 wöchentlich - Mirabellenweg
 
Nächster Abholtermin ist am: 31.08.2021",Herford - Mirabellenweg
HF Restabfall (Graue Tonne) 2 wöchentlich: Herford,2021-08-31,,"HF Restabfall (Graue Tonne) 2 wöchentlich - Mirabellenweg
 
Nächster Abholtermin ist am: 14.09.2021",Herford - Mirabellenweg
HF Restabfall (Graue Tonne) 2 wöchentlich: Herford,2021-09-14,,"HF Restabfall (Graue Tonne) 2 wöchentlich - Mirabellenweg
 
Nächster Abholtermin ist am: 28.09.2021",Herford - Mirabellenweg
HF Restabfall (Graue Tonne) 2 wöchentlich: Herford,2021-09-28,,"HF Restabfall (Graue Tonne) 2 wöchentlich - Mirabellenweg
 
Nächster Abholtermin ist am: 12.10.2021",Herford - Mirabellenweg
HF Restabfall (Graue Tonne) 2 wöchentlich: Herford,2021-10-12,,"HF Restabfall (Graue Tonne) 2 wöchentlich - Mirabellenweg
 
Nächster Abholtermin ist am: 26.10.2021",Herford - Mirabellenweg
HF Restabfall (Graue Tonne) 2 wöchentlich: Herford,2021-10-26,,"HF Restabfall (Graue Tonne) 2 wöchentlich - Mirabellenweg
 
Nächster Abholtermin ist am: 09.11.2021",Herford - Mirabellenweg
HF Restabfall (Graue Tonne) 2 wöchentlich: Herford,2021-11-09,,"HF Restabfall (Graue Tonne) 2 wöchentlich - Mirabellenweg
 
Nächster Abholtermin ist am: 23.11.2021",Herford - Mirabellenweg
HF Restabfall (Graue Tonne) 2 wöchentlich: Herford,2021-11-23,,"HF Restabfall (Graue Tonne) 2 wöchentlich - Mirabellenweg
 
Nächster Abholtermin ist am: 07.12.2021",Herford - Mirabellenweg
HF Restabfall (Graue Tonne) 2 wöchentlich: Herford,2021-12-07,,"HF Restabfall (Graue Tonne) 2 wöchentlich - Mirabellenweg
 
Nächster Abholtermin ist am: 21.12.2021",Herford - Mirabellenweg
HF Restabfall (Graue Tonne) 2 wöchentlich: Herford,2021-12-21,,HF Restabfall (Graue Tonne) 2 wöchentlich - Mirabellenweg,Herford - Mirabellenweg
